office,year,state,roster_n,captured_n,capture_pct
house,2018,AK,8,6,75.0
house,2018,AL,36,24,66.7
house,2018,AR,20,13,65.0
house,2018,AZ,100,60,60.0
house,2018,CA,279,165,59.1
house,2018,CO,61,35,57.4
house,2018,CT,29,15,51.7
house,2018,DC,4,2,50.0
house,2018,DE,10,5,50.0
house,2018,FL,226,121,53.5
house,2018,GA,93,59,63.4
house,2018,GU,3,0,0.0
house,2018,HI,20,11,55.0
house,2018,IA,34,21,61.8
house,2018,ID,15,10,66.7
house,2018,IL,120,68,56.7
house,2018,IN,71,41,57.7
house,2018,KS,39,27,69.2
house,2018,KY,26,18,69.2
house,2018,LA,41,23,56.1
house,2018,MA,50,24,48.0
house,2018,MD,67,36,53.7
house,2018,ME,12,8,66.7
house,2018,MI,93,53,57.0
house,2018,MN,60,45,75.0
house,2018,MO,47,25,53.2
house,2018,MS,21,8,38.1
house,2018,MT,15,11,73.3
house,2018,NC,102,52,51.0
house,2018,ND,7,4,57.1
house,2018,NE,13,7,53.8
house,2018,NH,30,19,63.3
house,2018,NJ,70,45,64.3
house,2018,NM,27,18,66.7
house,2018,NV,48,28,58.3
house,2018,NY,177,94,53.1
house,2018,OH,102,62,60.8
house,2018,OK,43,21,48.8
house,2018,OR,25,19,76.0
house,2018,PA,146,97,66.4
house,2018,RI,9,3,33.3
house,2018,SC,56,37,66.1
house,2018,SD,6,4,66.7
house,2018,TN,69,32,46.4
house,2018,TX,262,154,58.8
house,2018,UT,29,14,48.3
house,2018,VA,89,54,60.7
house,2018,VI,3,1,33.3
house,2018,VT,2,1,50.0
house,2018,WA,60,41,68.3
house,2018,WI,34,20,58.8
house,2018,WV,23,3,13.0
house,2018,WY,6,1,16.7
house,2020,AK,5,3,60.0
house,2020,AL,35,22,62.9
house,2020,AR,21,12,57.1
house,2020,AS,1,0,0.0
house,2020,AZ,85,50,58.8
house,2020,CA,288,176,61.1
house,2020,CO,42,23,54.8
house,2020,CT,29,18,62.1
house,2020,DC,3,2,66.7
house,2020,DE,5,4,80.0
house,2020,FL,228,120,52.6
house,2020,GA,114,71,62.3
house,2020,GU,4,0,0.0
house,2020,HI,25,11,44.0
house,2020,IA,33,22,66.7
house,2020,ID,9,7,77.8
house,2020,IL,101,63,62.4
house,2020,IN,82,48,58.5
house,2020,KS,36,19,52.8
house,2020,KY,23,13,56.5
house,2020,LA,36,21,58.3
house,2020,MA,59,35,59.3
house,2020,MD,69,41,59.4
house,2020,ME,14,8,57.1
house,2020,MI,95,65,68.4
house,2020,MN,70,39,55.7
house,2020,MO,45,24,53.3
house,2020,MS,23,15,65.2
house,2020,MT,14,10,71.4
house,2020,NC,114,58,50.9
house,2020,ND,7,4,57.1
house,2020,NE,10,7,70.0
house,2020,NH,26,14,53.8
house,2020,NJ,92,57,62.0
house,2020,NM,32,20,62.5
house,2020,NV,48,30,62.5
house,2020,NY,205,122,59.5
house,2020,OH,94,53,56.4
house,2020,OK,46,30,65.2
house,2020,OR,46,35,76.1
house,2020,PA,126,73,57.9
house,2020,PR,1,1,100.0
house,2020,RI,6,3,50.0
house,2020,SC,48,26,54.2
house,2020,SD,7,6,85.7
house,2020,TN,55,31,56.4
house,2020,TX,322,196,60.9
house,2020,UT,41,24,58.5
house,2020,VA,79,48,60.8
house,2020,VI,1,1,100.0
house,2020,VT,4,2,50.0
house,2020,WA,76,46,60.5
house,2020,WI,44,32,72.7
house,2020,WV,24,14,58.3
house,2020,WY,7,5,71.4
house,2022,AK,13,11,84.6
house,2022,AL,29,21,72.4
house,2022,AR,24,19,79.2
house,2022,AS,1,0,0.0
house,2022,AZ,94,52,55.3
house,2022,CA,336,215,64.0
house,2022,CO,68,45,66.2
house,2022,CT,26,18,69.2
house,2022,DC,4,1,25.0
house,2022,DE,4,3,75.0
house,2022,FL,273,185,67.8
house,2022,GA,139,82,59.0
house,2022,GU,5,2,40.0
house,2022,HI,26,16,61.5
house,2022,IA,26,20,76.9
house,2022,ID,8,7,87.5
house,2022,IL,137,93,67.9
house,2022,IN,84,46,54.8
house,2022,KS,25,10,40.0
house,2022,KY,37,29,78.4
house,2022,LA,44,28,63.6
house,2022,MA,50,24,48.0
house,2022,MD,67,43,64.2
house,2022,ME,14,8,57.1
house,2022,MI,116,68,58.6
house,2022,MN,75,36,48.0
house,2022,MO,62,40,64.5
house,2022,MS,25,15,60.0
house,2022,MT,20,15,75.0
house,2022,NC,145,88,60.7
house,2022,ND,6,1,16.7
house,2022,NE,11,8,72.7
house,2022,NH,26,14,53.8
house,2022,NJ,101,65,64.4
house,2022,NM,29,16,55.2
house,2022,NV,56,38,67.9
house,2022,NY,205,127,62.0
house,2022,OH,124,83,66.9
house,2022,OK,43,34,79.1
house,2022,OR,59,42,71.2
house,2022,PA,115,73,63.5
house,2022,PR,2,0,0.0
house,2022,RI,14,8,57.1
house,2022,SC,56,33,58.9
house,2022,SD,5,2,40.0
house,2022,TN,65,41,63.1
house,2022,TX,358,218,60.9
house,2022,UT,35,23,65.7
house,2022,VA,107,68,63.6
house,2022,VI,1,1,100.0
house,2022,VT,7,5,71.4
house,2022,WA,85,58,68.2
house,2022,WI,47,34,72.3
house,2022,WV,22,11,50.0
house,2022,WY,13,10,76.9
house,2024,AK,10,3,30.0
house,2024,AL,35,19,54.3
house,2024,AR,20,13,65.0
house,2024,AS,2,1,50.0
house,2024,AZ,96,51,53.1
house,2024,CA,357,186,52.1
house,2024,CO,71,40,56.3
house,2024,CT,21,12,57.1
house,2024,DC,7,2,28.6
house,2024,DE,8,5,62.5
house,2024,FL,261,137,52.5
house,2024,GA,122,62,50.8
house,2024,GU,4,3,75.0
house,2024,HI,22,8,36.4
house,2024,IA,23,12,52.2
house,2024,ID,7,6,85.7
house,2024,IL,127,56,44.1
house,2024,IN,91,45,49.5
house,2024,KS,27,19,70.4
house,2024,KY,37,21,56.8
house,2024,LA,40,21,52.5
house,2024,MA,40,21,52.5
house,2024,MD,95,54,56.8
house,2024,ME,12,7,58.3
house,2024,MI,112,58,51.8
house,2024,MN,69,33,47.8
house,2024,MO,52,24,46.2
house,2024,MP,1,1,100.0
house,2024,MS,24,10,41.7
house,2024,MT,24,9,37.5
house,2024,NC,143,76,53.1
house,2024,ND,8,5,62.5
house,2024,NE,10,7,70.0
house,2024,NH,29,15,51.7
house,2024,NJ,99,56,56.6
house,2024,NM,21,7,33.3
house,2024,NV,54,23,42.6
house,2024,NY,194,100,51.5
house,2024,OH,107,48,44.9
house,2024,OK,40,20,50.0
house,2024,OR,56,31,55.4
house,2024,PA,100,55,55.0
house,2024,PR,5,2,40.0
house,2024,RI,22,11,50.0
house,2024,SC,50,22,44.0
house,2024,SD,6,4,66.7
house,2024,TN,68,31,45.6
house,2024,TX,329,156,47.4
house,2024,UT,38,21,55.3
house,2024,VA,92,49,53.3
house,2024,VI,1,1,100.0
house,2024,VT,6,5,83.3
house,2024,WA,87,47,54.0
house,2024,WI,56,34,60.7
house,2024,WV,16,5,31.2
house,2024,WY,9,7,77.8
senate,2002,AL,3,0,0.0
senate,2002,AR,2,0,0.0
senate,2002,AZ,2,1,50.0
senate,2002,CA,2,2,100.0
senate,2002,CT,1,1,100.0
senate,2002,DE,2,1,50.0
senate,2002,FL,1,0,0.0
senate,2002,GA,2,1,50.0
senate,2002,IA,1,0,0.0
senate,2002,ID,1,0,0.0
senate,2002,IL,3,1,33.3
senate,2002,IN,2,0,0.0
senate,2002,KS,2,2,100.0
senate,2002,KY,2,1,50.0
senate,2002,LA,1,1,100.0
senate,2002,MA,2,2,100.0
senate,2002,MD,1,1,100.0
senate,2002,ME,3,1,33.3
senate,2002,MI,1,0,0.0
senate,2002,MN,1,0,0.0
senate,2002,MO,2,2,100.0
senate,2002,MS,2,1,50.0
senate,2002,MT,1,0,0.0
senate,2002,NC,1,0,0.0
senate,2002,NE,1,1,100.0
senate,2002,NH,2,2,100.0
senate,2002,NJ,2,0,0.0
senate,2002,NM,2,1,50.0
senate,2002,NV,2,1,50.0
senate,2002,NY,3,1,33.3
senate,2002,OK,1,0,0.0
senate,2002,OR,1,0,0.0
senate,2002,PA,2,1,50.0
senate,2002,RI,2,2,100.0
senate,2002,SC,1,1,100.0
senate,2002,SD,1,0,0.0
senate,2002,TN,1,0,0.0
senate,2002,TX,2,0,0.0
senate,2002,UT,1,0,0.0
senate,2002,VA,1,1,100.0
senate,2002,VT,1,0,0.0
senate,2002,WA,2,1,50.0
senate,2002,WI,2,0,0.0
senate,2002,WY,1,0,0.0
senate,2004,AK,3,3,100.0
senate,2004,AL,3,2,66.7
senate,2004,AR,3,1,33.3
senate,2004,AZ,2,2,100.0
senate,2004,CA,5,3,60.0
senate,2004,CO,2,1,50.0
senate,2004,CT,2,2,100.0
senate,2004,DE,2,1,50.0
senate,2004,FL,7,6,85.7
senate,2004,GA,5,2,40.0
senate,2004,HI,1,0,0.0
senate,2004,IA,1,0,0.0
senate,2004,ID,1,1,100.0
senate,2004,IL,9,6,66.7
senate,2004,IN,4,3,75.0
senate,2004,KS,2,1,50.0
senate,2004,KY,3,2,66.7
senate,2004,LA,4,3,75.0
senate,2004,MA,3,2,66.7
senate,2004,MD,2,2,100.0
senate,2004,ME,3,0,0.0
senate,2004,MI,1,0,0.0
senate,2004,MN,2,1,50.0
senate,2004,MO,2,2,100.0
senate,2004,MS,2,1,50.0
senate,2004,MT,1,0,0.0
senate,2004,NC,3,2,66.7
senate,2004,ND,1,1,100.0
senate,2004,NE,1,1,100.0
senate,2004,NH,3,2,66.7
senate,2004,NJ,2,0,0.0
senate,2004,NM,2,2,100.0
senate,2004,NV,2,1,50.0
senate,2004,NY,5,4,80.0
senate,2004,OK,5,5,100.0
senate,2004,OR,2,0,0.0
senate,2004,PA,5,3,60.0
senate,2004,RI,2,2,100.0
senate,2004,SC,4,2,50.0
senate,2004,SD,1,0,0.0
senate,2004,TN,1,0,0.0
senate,2004,TX,3,2,66.7
senate,2004,UT,3,1,33.3
senate,2004,VA,1,1,100.0
senate,2004,VT,1,1,100.0
senate,2004,WA,5,4,80.0
senate,2004,WI,2,0,0.0
senate,2004,WY,1,0,0.0
senate,2006,AK,3,2,66.7
senate,2006,AL,2,0,0.0
senate,2006,AR,3,0,0.0
senate,2006,AZ,4,4,100.0
senate,2006,CA,6,3,50.0
senate,2006,CO,2,1,50.0
senate,2006,CT,5,1,20.0
senate,2006,DE,4,3,75.0
senate,2006,FL,9,6,66.7
senate,2006,GA,6,2,33.3
senate,2006,HI,3,2,66.7
senate,2006,IA,1,1,100.0
senate,2006,ID,1,0,0.0
senate,2006,IL,9,5,55.6
senate,2006,IN,4,1,25.0
senate,2006,KS,2,1,50.0
senate,2006,KY,3,1,33.3
senate,2006,LA,4,3,75.0
senate,2006,MA,5,4,80.0
senate,2006,MD,9,7,77.8
senate,2006,ME,6,3,50.0
senate,2006,MI,5,4,80.0
senate,2006,MN,5,3,60.0
senate,2006,MO,3,3,100.0
senate,2006,MS,5,3,60.0
senate,2006,MT,5,4,80.0
senate,2006,NC,3,1,33.3
senate,2006,ND,2,1,50.0
senate,2006,NE,3,2,66.7
senate,2006,NH,3,1,33.3
senate,2006,NJ,6,2,33.3
senate,2006,NM,4,4,100.0
senate,2006,NV,4,2,50.0
senate,2006,NY,12,9,75.0
senate,2006,OH,4,2,50.0
senate,2006,OK,5,3,60.0
senate,2006,OR,2,0,0.0
senate,2006,PA,6,3,50.0
senate,2006,RI,6,5,83.3
senate,2006,SC,4,3,75.0
senate,2006,SD,1,1,100.0
senate,2006,TN,5,4,80.0
senate,2006,TX,5,5,100.0
senate,2006,UT,5,3,60.0
senate,2006,VA,3,3,100.0
senate,2006,VT,2,1,50.0
senate,2006,WA,7,5,71.4
senate,2006,WI,2,0,0.0
senate,2006,WV,5,4,80.0
senate,2006,WY,2,1,50.0
senate,2008,AK,8,7,87.5
senate,2008,AL,4,1,25.0
senate,2008,AR,3,1,33.3
senate,2008,AZ,5,3,60.0
senate,2008,CA,3,2,66.7
senate,2008,CO,5,4,80.0
senate,2008,CT,4,3,75.0
senate,2008,DE,5,2,40.0
senate,2008,FL,9,5,55.6
senate,2008,GA,7,6,85.7
senate,2008,HI,4,3,75.0
senate,2008,IA,3,3,100.0
senate,2008,ID,11,7,63.6
senate,2008,IL,9,7,77.8
senate,2008,IN,3,0,0.0
senate,2008,KS,5,4,80.0
senate,2008,KY,9,8,88.9
senate,2008,LA,4,4,100.0
senate,2008,MA,6,3,50.0
senate,2008,MD,8,7,87.5
senate,2008,ME,6,5,83.3
senate,2008,MI,5,5,100.0
senate,2008,MN,10,10,100.0
senate,2008,MO,3,2,66.7
senate,2008,MS,7,5,71.4
senate,2008,MT,5,2,40.0
senate,2008,NC,6,4,66.7
senate,2008,ND,2,1,50.0
senate,2008,NE,8,5,62.5
senate,2008,NH,6,4,66.7
senate,2008,NJ,8,6,75.0
senate,2008,NM,8,5,62.5
senate,2008,NV,4,3,75.0
senate,2008,NY,10,5,50.0
senate,2008,OH,1,1,100.0
senate,2008,OK,6,5,83.3
senate,2008,OR,4,4,100.0
senate,2008,PA,6,3,50.0
senate,2008,RI,6,5,83.3
senate,2008,SC,7,5,71.4
senate,2008,SD,2,2,100.0
senate,2008,TN,9,6,66.7
senate,2008,TX,14,10,71.4
senate,2008,UT,3,3,100.0
senate,2008,VA,6,4,66.7
senate,2008,VT,1,1,100.0
senate,2008,WA,5,3,60.0
senate,2008,WI,2,0,0.0
senate,2008,WV,5,4,80.0
senate,2008,WY,4,2,50.0
senate,2010,AK,10,4,40.0
senate,2010,AL,4,1,25.0
senate,2010,AR,13,8,61.5
senate,2010,AZ,9,8,88.9
senate,2010,CA,8,5,62.5
senate,2010,CO,13,2,15.4
senate,2010,CT,11,4,36.4
senate,2010,DE,6,1,16.7
senate,2010,FL,21,9,42.9
senate,2010,GA,7,2,28.6
senate,2010,HI,3,2,66.7
senate,2010,IA,6,5,83.3
senate,2010,ID,10,5,50.0
senate,2010,IL,23,14,60.9
senate,2010,IN,8,3,37.5
senate,2010,KS,8,4,50.0
senate,2010,KY,15,7,46.7
senate,2010,LA,4,2,50.0
senate,2010,MA,11,7,63.6
senate,2010,MD,10,8,80.0
senate,2010,ME,4,1,25.0
senate,2010,MI,3,2,66.7
senate,2010,MN,7,5,71.4
senate,2010,MO,11,9,81.8
senate,2010,MS,5,3,60.0
senate,2010,MT,3,1,33.3
senate,2010,NC,12,6,50.0
senate,2010,ND,3,3,100.0
senate,2010,NE,4,1,25.0
senate,2010,NH,10,6,60.0
senate,2010,NJ,8,5,62.5
senate,2010,NM,6,2,33.3
senate,2010,NV,11,8,72.7
senate,2010,NY,16,8,50.0
senate,2010,OH,5,5,100.0
senate,2010,OK,6,4,66.7
senate,2010,OR,6,4,66.7
senate,2010,PA,15,8,53.3
senate,2010,RI,3,1,33.3
senate,2010,SC,8,5,62.5
senate,2010,SD,2,2,100.0
senate,2010,TN,7,4,57.1
senate,2010,TX,15,9,60.0
senate,2010,UT,8,4,50.0
senate,2010,VA,4,0,0.0
senate,2010,VT,2,2,100.0
senate,2010,WA,13,8,61.5
senate,2010,WI,4,2,50.0
senate,2010,WV,5,3,60.0
senate,2010,WY,3,1,33.3
senate,2012,AK,3,1,33.3
senate,2012,AL,2,2,100.0
senate,2012,AR,8,7,87.5
senate,2012,AZ,15,10,66.7
senate,2012,CA,17,13,76.5
senate,2012,CO,11,3,27.3
senate,2012,CT,17,5,29.4
senate,2012,DE,7,4,57.1
senate,2012,FL,23,12,52.2
senate,2012,GA,3,2,66.7
senate,2012,HI,6,4,66.7
senate,2012,IA,1,0,0.0
senate,2012,ID,5,3,60.0
senate,2012,IL,13,6,46.2
senate,2012,IN,8,6,75.0
senate,2012,KS,4,2,50.0
senate,2012,KY,11,6,54.5
senate,2012,LA,4,1,25.0
senate,2012,MA,14,8,57.1
senate,2012,MD,12,8,66.7
senate,2012,ME,11,6,54.5
senate,2012,MI,7,5,71.4
senate,2012,MN,10,10,100.0
senate,2012,MO,12,9,75.0
senate,2012,MS,3,2,66.7
senate,2012,MT,4,2,50.0
senate,2012,NC,6,2,33.3
senate,2012,ND,6,5,83.3
senate,2012,NE,9,5,55.6
senate,2012,NH,9,2,22.2
senate,2012,NJ,9,6,66.7
senate,2012,NM,9,7,77.8
senate,2012,NV,12,7,58.3
senate,2012,NY,12,6,50.0
senate,2012,OH,11,10,90.9
senate,2012,OK,3,2,66.7
senate,2012,OR,5,3,60.0
senate,2012,PA,16,8,50.0
senate,2012,RI,4,3,75.0
senate,2012,SC,4,3,75.0
senate,2012,SD,3,2,66.7
senate,2012,TN,5,5,100.0
senate,2012,TX,23,13,56.5
senate,2012,UT,12,11,91.7
senate,2012,VA,9,2,22.2
senate,2012,VT,4,4,100.0
senate,2012,WA,11,4,36.4
senate,2012,WI,11,7,63.6
senate,2012,WV,4,2,50.0
senate,2012,WY,2,1,50.0
senate,2014,AK,4,3,75.0
senate,2014,AL,3,3,100.0
senate,2014,AR,7,6,85.7
senate,2014,AZ,9,4,44.4
senate,2014,CA,10,6,60.0
senate,2014,CO,17,11,64.7
senate,2014,CT,14,9,64.3
senate,2014,DE,7,3,42.9
senate,2014,FL,18,8,44.4
senate,2014,GA,14,11,78.6
senate,2014,HI,7,6,85.7
senate,2014,IA,7,7,100.0
senate,2014,ID,6,4,66.7
senate,2014,IL,14,12,85.7
senate,2014,IN,8,1,12.5
senate,2014,KS,7,4,57.1
senate,2014,KY,13,6,46.2
senate,2014,LA,6,5,83.3
senate,2014,MA,15,11,73.3
senate,2014,MD,12,5,41.7
senate,2014,ME,11,7,63.6
senate,2014,MI,6,5,83.3
senate,2014,MN,11,10,90.9
senate,2014,MO,9,5,55.6
senate,2014,MS,4,1,25.0
senate,2014,MT,8,7,87.5
senate,2014,NC,17,12,70.6
senate,2014,ND,4,1,25.0
senate,2014,NE,15,7,46.7
senate,2014,NH,12,5,41.7
senate,2014,NJ,18,13,72.2
senate,2014,NM,10,7,70.0
senate,2014,NV,9,4,44.4
senate,2014,NY,11,5,45.5
senate,2014,OH,8,5,62.5
senate,2014,OK,13,12,92.3
senate,2014,OR,7,5,71.4
senate,2014,PA,12,6,50.0
senate,2014,RI,4,2,50.0
senate,2014,SC,14,11,78.6
senate,2014,SD,7,7,100.0
senate,2014,TN,6,5,83.3
senate,2014,TX,23,17,73.9
senate,2014,UT,10,7,70.0
senate,2014,VA,11,8,72.7
senate,2014,VT,4,4,100.0
senate,2014,WA,10,4,40.0
senate,2014,WI,9,6,66.7
senate,2014,WV,8,6,75.0
senate,2014,WY,4,4,100.0
senate,2016,AK,6,4,66.7
senate,2016,AL,7,5,71.4
senate,2016,AR,7,4,57.1
senate,2016,AZ,14,10,71.4
senate,2016,CA,22,12,54.5
senate,2016,CO,24,10,41.7
senate,2016,CT,8,6,75.0
senate,2016,DE,6,3,50.0
senate,2016,FL,27,11,40.7
senate,2016,GA,15,9,60.0
senate,2016,HI,8,7,87.5
senate,2016,IA,11,8,72.7
senate,2016,ID,7,4,57.1
senate,2016,IL,14,9,64.3
senate,2016,IN,9,7,77.8
senate,2016,KS,7,4,57.1
senate,2016,KY,15,7,46.7
senate,2016,LA,15,10,66.7
senate,2016,MA,11,5,45.5
senate,2016,MD,13,10,76.9
senate,2016,ME,6,4,66.7
senate,2016,MI,5,3,60.0
senate,2016,MN,9,6,66.7
senate,2016,MO,9,5,55.6
senate,2016,MS,4,0,0.0
senate,2016,MT,8,3,37.5
senate,2016,NC,19,11,57.9
senate,2016,ND,4,1,25.0
senate,2016,NE,10,3,30.0
senate,2016,NH,12,7,58.3
senate,2016,NJ,14,8,57.1
senate,2016,NM,10,4,40.0
senate,2016,NV,12,8,66.7
senate,2016,NY,10,3,30.0
senate,2016,OH,8,6,75.0
senate,2016,OK,11,7,63.6
senate,2016,OR,8,5,62.5
senate,2016,PA,13,6,46.2
senate,2016,RI,3,2,66.7
senate,2016,SC,14,9,64.3
senate,2016,SD,5,5,100.0
senate,2016,TN,6,4,66.7
senate,2016,TX,12,7,58.3
senate,2016,UT,10,6,60.0
senate,2016,VA,8,5,62.5
senate,2016,VT,5,4,80.0
senate,2016,WA,12,6,50.0
senate,2016,WI,9,6,66.7
senate,2016,WV,5,4,80.0
senate,2016,WY,4,4,100.0
senate,2018,AK,4,1,25.0
senate,2018,AL,14,6,42.9
senate,2018,AR,5,2,40.0
senate,2018,AZ,19,7,36.8
senate,2018,CA,24,13,54.2
senate,2018,CO,19,9,47.4
senate,2018,CT,10,5,50.0
senate,2018,DE,8,6,75.0
senate,2018,FL,26,10,38.5
senate,2018,GA,11,6,54.5
senate,2018,HI,5,2,40.0
senate,2018,IA,6,4,66.7
senate,2018,ID,4,2,50.0
senate,2018,IL,12,4,33.3
senate,2018,IN,15,6,40.0
senate,2018,KS,5,2,40.0
senate,2018,KY,10,2,20.0
senate,2018,LA,13,3,23.1
senate,2018,MA,11,6,54.5
senate,2018,MD,17,7,41.2
senate,2018,ME,8,6,75.0
senate,2018,MI,8,6,75.0
senate,2018,MN,18,9,50.0
senate,2018,MO,15,4,26.7
senate,2018,MS,8,6,75.0
senate,2018,MT,10,4,40.0
senate,2018,NC,14,6,42.9
senate,2018,ND,7,3,42.9
senate,2018,NE,13,5,38.5
senate,2018,NH,9,5,55.6
senate,2018,NJ,13,6,46.2
senate,2018,NM,10,2,20.0
senate,2018,NV,13,8,61.5
senate,2018,NY,14,6,42.9
senate,2018,OH,9,4,44.4
senate,2018,OK,8,3,37.5
senate,2018,OR,5,3,60.0
senate,2018,PA,21,9,42.9
senate,2018,RI,5,2,40.0
senate,2018,SC,9,3,33.3
senate,2018,SD,4,4,100.0
senate,2018,TN,14,8,57.1
senate,2018,TX,16,8,50.0
senate,2018,UT,13,5,38.5
senate,2018,VA,9,6,66.7
senate,2018,VT,8,6,75.0
senate,2018,WA,18,10,55.6
senate,2018,WI,11,5,45.5
senate,2018,WV,7,5,71.4
senate,2018,WY,6,5,83.3
senate,2020,AK,4,0,0.0
senate,2020,AL,15,6,40.0
senate,2020,AR,3,2,66.7
senate,2020,AZ,14,9,64.3
senate,2020,CA,16,5,31.2
senate,2020,CO,21,13,61.9
senate,2020,CT,7,3,42.9
senate,2020,DE,8,6,75.0
senate,2020,FL,15,5,33.3
senate,2020,GA,30,21,70.0
senate,2020,HI,3,3,100.0
senate,2020,IA,9,7,77.8
senate,2020,ID,5,5,100.0
senate,2020,IL,13,5,38.5
senate,2020,IN,11,7,63.6
senate,2020,KS,17,10,58.8
senate,2020,KY,15,10,66.7
senate,2020,LA,11,9,81.8
senate,2020,MA,13,9,69.2
senate,2020,MD,6,3,50.0
senate,2020,ME,11,8,72.7
senate,2020,MI,5,2,40.0
senate,2020,MN,20,7,35.0
senate,2020,MO,12,7,58.3
senate,2020,MS,7,4,57.1
senate,2020,MT,12,8,66.7
senate,2020,NC,17,9,52.9
senate,2020,ND,5,2,40.0
senate,2020,NE,14,5,35.7
senate,2020,NH,10,7,70.0
senate,2020,NJ,17,9,52.9
senate,2020,NM,14,8,57.1
senate,2020,NV,8,5,62.5
senate,2020,NY,11,5,45.5
senate,2020,OH,6,5,83.3
senate,2020,OK,8,5,62.5
senate,2020,OR,6,2,33.3
senate,2020,PA,13,5,38.5
senate,2020,RI,4,3,75.0
senate,2020,SC,10,9,90.0
senate,2020,SD,5,5,100.0
senate,2020,TN,24,10,41.7
senate,2020,TX,22,15,68.2
senate,2020,UT,11,6,54.5
senate,2020,VA,14,9,64.3
senate,2020,VT,7,2,28.6
senate,2020,WA,12,5,41.7
senate,2020,WI,6,5,83.3
senate,2020,WV,9,7,77.8
senate,2020,WY,16,4,25.0
senate,2022,AK,9,6,66.7
senate,2022,AL,19,13,68.4
senate,2022,AR,8,6,75.0
senate,2022,AZ,16,9,56.2
senate,2022,CA,27,14,51.9
senate,2022,CO,21,15,71.4
senate,2022,CT,9,6,66.7
senate,2022,DE,6,5,83.3
senate,2022,FL,22,12,54.5
senate,2022,GA,36,20,55.6
senate,2022,HI,6,5,83.3
senate,2022,IA,13,11,84.6
senate,2022,ID,9,5,55.6
senate,2022,IL,15,10,66.7
senate,2022,IN,13,8,61.5
senate,2022,KS,17,10,58.8
senate,2022,KY,17,11,64.7
senate,2022,LA,14,9,64.3
senate,2022,MA,10,7,70.0
senate,2022,MD,11,6,54.5
senate,2022,ME,3,3,100.0
senate,2022,MI,4,2,50.0
senate,2022,MN,14,8,57.1
senate,2022,MO,31,20,64.5
senate,2022,MS,6,5,83.3
senate,2022,MT,9,7,77.8
senate,2022,NC,35,23,65.7
senate,2022,ND,5,2,40.0
senate,2022,NE,9,4,44.4
senate,2022,NH,13,10,76.9
senate,2022,NJ,16,9,56.2
senate,2022,NM,12,5,41.7
senate,2022,NV,13,9,69.2
senate,2022,NY,16,7,43.8
senate,2022,OH,17,15,88.2
senate,2022,OK,22,17,77.3
senate,2022,OR,12,9,75.0
senate,2022,PA,30,15,50.0
senate,2022,RI,4,3,75.0
senate,2022,SC,7,3,42.9
senate,2022,SD,7,3,42.9
senate,2022,TN,15,8,53.3
senate,2022,TX,17,10,58.8
senate,2022,UT,8,8,100.0
senate,2022,VA,13,5,38.5
senate,2022,VT,9,7,77.8
senate,2022,WA,15,10,66.7
senate,2022,WI,14,10,71.4
senate,2022,WV,9,4,44.4
senate,2022,WY,10,6,60.0
senate,2024,AK,7,5,71.4
senate,2024,AL,13,6,46.2
senate,2024,AR,5,2,40.0
senate,2024,AZ,18,9,50.0
senate,2024,CA,36,18,50.0
senate,2024,CO,14,3,21.4
senate,2024,CT,9,5,55.6
senate,2024,DC,1,1,100.0
senate,2024,DE,7,6,85.7
senate,2024,FL,28,14,50.0
senate,2024,GA,23,12,52.2
senate,2024,HI,7,7,100.0
senate,2024,IA,12,8,66.7
senate,2024,ID,8,3,37.5
senate,2024,IL,10,4,40.0
senate,2024,IN,17,8,47.1
senate,2024,KS,10,6,60.0
senate,2024,KY,15,8,53.3
senate,2024,LA,14,8,57.1
senate,2024,MA,11,6,54.5
senate,2024,MD,24,17,70.8
senate,2024,ME,5,5,100.0
senate,2024,MI,18,16,88.9
senate,2024,MN,16,13,81.2
senate,2024,MO,30,10,33.3
senate,2024,MS,8,6,75.0
senate,2024,MT,12,8,66.7
senate,2024,NC,29,13,44.8
senate,2024,ND,5,2,40.0
senate,2024,NE,10,4,40.0
senate,2024,NH,11,3,27.3
senate,2024,NJ,23,13,56.5
senate,2024,NM,10,5,50.0
senate,2024,NV,15,5,33.3
senate,2024,NY,16,6,37.5
senate,2024,OH,19,10,52.6
senate,2024,OK,14,7,50.0
senate,2024,OR,9,4,44.4
senate,2024,PA,24,12,50.0
senate,2024,RI,5,4,80.0
senate,2024,SC,7,2,28.6
senate,2024,SD,4,1,25.0
senate,2024,TN,13,3,23.1
senate,2024,TX,23,9,39.1
senate,2024,UT,15,8,53.3
senate,2024,VA,15,9,60.0
senate,2024,VT,7,2,28.6
senate,2024,WA,21,10,47.6
senate,2024,WI,13,5,38.5
senate,2024,WV,13,7,53.8
senate,2024,WY,8,3,37.5
